class,cbo,dit,lcom
chapter_sorting.radix_sort,2,1,6
linear_search,1,1,3
stack,1,1,0
chapter_hashing.HashMapChaining,2,1,0
climbing_stairs_backtrack,2,1,3
chapter_sorting.bucket_sort,2,1,1
simple_hash,1,1,10
chapter_stack_and_queue.stack,0,1,0
hash_map_open_addressing,2,1,0
chapter_stack_and_queue.array_queue,1,1,0
recursion,1,1,10
linkedlist_queue,1,1,0
chapter_searching.binary_search_edge,3,1,3
chapter_divide_and_conquer.hanota,1,1,6
HashMapOpenAddressing,2,1,0
binary_tree_bfs,5,1,1
max_capacity,0,1,1
chapter_stack_and_queue.linkedlist_deque,1,1,0
avl_tree,2,1,3
chapter_backtracking.subset_sum_ii,2,1,3
ArrayStack,3,1,0
graph_bfs,8,1,1
array_queue,1,1,0
bucket_sort,2,1,1
chapter_stack_and_queue.ArrayQueue,2,1,0
ArrayHashMap,4,1,0
climbing_stairs_dfs_mem,0,1,3
chapter_dynamic_programming.coin_change_ii,2,1,3
edit_distance,1,1,10
chapter_graph.graph_dfs,4,1,3
time_complexity,0,1,66
max_product_cutting,0,1,1
coin_change_ii,0,1,3
chapter_sorting.QuickSort,2,1,3
chapter_backtracking.subset_sum_i,2,1,3
chapter_heap.top_k,3,1,1
chapter_dynamic_programming.edit_distance,2,1,10
worst_best_time_complexity,1,1,3
chapter_stack_and_queue.ArrayDeque,2,1,0
chapter_greedy.coin_change_greedy,2,1,1
chapter_stack_and_queue.LinkedListStack,3,1,0
chapter_sorting.insertion_sort,2,1,1
coin_change_greedy,0,1,1
hash_map,4,1,0
two_sum,2,1,3
chapter_graph.GraphAdjList,2,1,0
PrintUtil,11,1,28
insertion_sort,0,1,1
subset_sum_i_naive,2,1,3
coin_change,0,1,3
chapter_dynamic_programming.unbounded_knapsack,2,1,3
array_stack,1,1,0
min_path_sum,0,1,10
chapter_hashing.Pair,0,1,0
chapter_hashing.built_in_hash,1,1,0
chapter_sorting.QuickSortTailCall,2,1,3
preorder_traversal_ii_compact,3,1,0
chapter_greedy.max_capacity,2,1,1
chapter_tree.binary_tree_bfs,3,1,1
chapter_tree.AVLTree,2,1,49
chapter_stack_and_queue.LinkedListQueue,3,1,0
TreeNode,3,1,6
chapter_searching.binary_search,2,1,3
top_k,2,1,1
chapter_stack_and_queue.linkedlist_queue,1,1,0
climbing_stairs_constraint_dp,0,1,1
preorder_traversal_iii_compact,3,1,0
utils.TreeNode,1,1,6
binary_search_recur,0,1,3
list,3,1,0
quick_sort,0,1,0
chapter_array_and_linkedlist.my_list,1,1,0
counting_sort,0,1,3
chapter_heap.my_heap,1,1,0
MyList,1,1,0
GraphAdjList,6,1,0
my_list,1,1,0
subset_sum_ii,2,1,3
GraphAdjMat,3,1,0
chapter_computational_complexity.iteration,1,1,10
linkedlist_deque,1,1,0
chapter_computational_complexity.time_complexity,2,1,66
ArrayBinaryTree,3,1,49
chapter_sorting.QuickSortMedian,2,1,6
binary_tree,1,1,0
chapter_array_and_linkedlist.array,2,1,21
chapter_graph.graph_bfs,4,1,1
chapter_array_and_linkedlist.MyList,2,1,0
climbing_stairs_dp,0,1,3
MaxHeap,5,1,6
chapter_searching.hashing_search,3,1,3
chapter_graph.GraphAdjMat,3,1,0
chapter_graph.graph_adjacency_matrix,2,1,0
binary_search,0,1,3
chapter_dynamic_programming.climbing_stairs_dfs,1,1,3
chapter_hashing.array_hash_map,1,1,0
chapter_divide_and_conquer.binary_search_recur,2,1,3
chapter_dynamic_programming.min_cost_climbing_stairs_dp,2,1,3
preorder_traversal_i_compact,3,1,0
n_queens,2,1,3
Pair,1,1,0
chapter_dynamic_programming.knapsack,2,1,10
chapter_sorting.counting_sort,2,1,3
chapter_greedy.max_product_cutting,1,1,1
LinkedListDeque,2,1,36
chapter_dynamic_programming.climbing_stairs_constraint_dp,2,1,1
chapter_greedy.Item,0,1,0
chapter_backtracking.preorder_traversal_iii_template,3,1,21
chapter_stack_and_queue.linkedlist_stack,1,1,0
chapter_tree.binary_search_tree,4,1,0
ArrayDeque,1,1,0
graph_adjacency_list,2,1,0
chapter_backtracking.subset_sum_i_naive,2,1,3
unbounded_knapsack,0,1,3
array_binary_tree,4,1,0
chapter_sorting.heap_sort,2,1,3
knapsack,0,1,10
chapter_array_and_linkedlist.linked_list,3,1,10
chapter_tree.BinarySearchTree,2,1,0
QuickSortMedian,0,1,6
permutations_i,2,1,3
chapter_sorting.bubble_sort,2,1,3
linked_list,1,1,10
chapter_stack_and_queue.deque,0,1,0
chapter_backtracking.preorder_traversal_ii_compact,3,1,0
chapter_hashing.hash_map,1,1,0
chapter_tree.binary_tree_dfs,3,1,0
chapter_stack_and_queue.ListNode,1,1,0
deque,2,1,0
Item,0,1,0
hash_map_chaining,2,1,0
utils.ListNode,2,1,0
chapter_tree.avl_tree,4,1,3
bubble_sort,0,1,3
min_cost_climbing_stairs_dp,0,1,3
chapter_hashing.ArrayHashMap,2,1,0
chapter_stack_and_queue.ArrayStack,1,1,0
chapter_graph.graph_adjacency_list,3,1,0
chapter_hashing.HashMapOpenAddressing,2,1,0
chapter_sorting.selection_sort,2,1,1
chapter_backtracking.preorder_traversal_iii_compact,3,1,0
LinkedListStack,2,1,0
chapter_sorting.quick_sort,4,1,0
space_complexity,6,1,28
build_tree,3,1,3
QuickSortTailCall,0,1,3
chapter_stack_and_queue.LinkedListDeque,3,1,36
Trunk,2,1,0
Vertex,3,1,1
chapter_backtracking.preorder_traversal_i_compact,3,1,0
chapter_hashing.hash_map_chaining,1,1,0
chapter_backtracking.permutations_ii,3,1,3
selection_sort,0,1,1
chapter_tree.array_binary_tree,3,1,0
chapter_computational_complexity.space_complexity,5,1,28
chapter_heap.heap,2,1,3
binary_search_tree,2,1,0
BinarySearchTree,1,1,0
chapter_dynamic_programming.climbing_stairs_dp,2,1,3
hanota,3,1,6
built_in_hash,3,1,0
permutations_ii,4,1,3
chapter_dynamic_programming.climbing_stairs_backtrack,1,1,3
chapter_array_and_linkedlist.list,0,1,0
my_heap,1,1,0
chapter_searching.linear_search,3,1,3
chapter_searching.binary_search_insertion,2,1,3
fractional_knapsack,1,1,1
AVLTree,1,1,49
utils.Vertex,2,1,1
binary_search_insertion,0,1,3
binary_search_edge,0,1,3
heap_sort,0,1,3
queue,2,1,0
chapter_stack_and_queue.array_stack,1,1,0
utils.Trunk,1,1,0
utils.PrintUtil,7,1,28
chapter_backtracking.n_queens,2,1,3
ArrayQueue,1,1,0
LinkedListQueue,2,1,0
chapter_heap.MaxHeap,2,1,6
graph_adjacency_matrix,1,1,0
HashMapChaining,4,1,0
binary_tree_dfs,2,1,0
chapter_sorting.merge_sort,2,1,3
chapter_stack_and_queue.array_deque,1,1,0
chapter_hashing.hash_map_open_addressing,1,1,0
merge_sort,0,1,3
linkedlist_stack,1,1,0
climbing_stairs_dfs,0,1,3
chapter_computational_complexity.recursion,1,1,10
chapter_hashing.simple_hash,1,1,10
radix_sort,0,1,6
array_hash_map,2,1,0
chapter_dynamic_programming.climbing_stairs_dfs_mem,2,1,3
hashing_search,3,1,3
chapter_stack_and_queue.queue,0,1,0
graph_dfs,6,1,3
preorder_traversal_iii_template,3,1,21
array,0,1,21
chapter_tree.binary_tree,2,1,0
chapter_backtracking.permutations_i,3,1,3
iteration,2,1,10
chapter_searching.two_sum,2,1,3
heap,2,1,3
chapter_tree.ArrayBinaryTree,1,1,49
chapter_computational_complexity.worst_best_time_complexity,2,1,3
chapter_greedy.fractional_knapsack,3,1,1
chapter_divide_and_conquer.build_tree,4,1,3
subset_sum_i,2,1,3
ListNode,1,1,0
chapter_dynamic_programming.coin_change,2,1,3
QuickSort,0,1,3
array_deque,1,1,0
chapter_dynamic_programming.min_path_sum,2,1,10
